Datetime,Water Level (m)
2026-04-26 06:00:00,-0.36123022
2026-04-26 07:00:00,-0.22970656
2026-04-26 08:00:00,-0.0330151
2026-04-26 09:00:00,0.19746238
2026-04-26 10:00:00,0.3870907
2026-04-26 11:00:00,0.47854972
2026-04-26 12:00:00,0.46068308
2026-04-26 13:00:00,0.3171954
2026-04-26 14:00:00,0.09035993
2026-04-26 15:00:00,-0.14884104
2026-04-26 16:00:00,-0.37168595
2026-04-26 17:00:00,-0.5407847
2026-04-26 18:00:00,-0.5830365
2026-04-26 19:00:00,-0.49902248
2026-04-26 20:00:00,-0.32144582
2026-04-26 21:00:00,-0.09376428
2026-04-26 22:00:00,0.1411959
2026-04-26 23:00:00,0.32938337
2026-04-27 00:00:00,0.3982806
2026-04-27 01:00:00,0.35395733
2026-04-27 02:00:00,0.20919454
2026-04-27 03:00:00,-0.0038489145
2026-04-27 04:00:00,-0.230897
2026-04-27 05:00:00,-0.39157864
2026-04-27 06:00:00,-0.46572354
2026-04-27 07:00:00,-0.40761316
2026-04-27 08:00:00,-0.24176723
2026-04-27 09:00:00,-0.029916495
2026-04-27 10:00:00,0.22169706
2026-04-27 11:00:00,0.4441373
2026-04-27 12:00:00,0.53073806
2026-04-27 13:00:00,0.51650727
2026-04-27 14:00:00,0.3150898
2026-04-27 15:00:00,0.07298341
2026-04-27 16:00:00,-0.23386557
2026-04-27 17:00:00,-0.48795053
2026-04-27 18:00:00,-0.6581943
2026-04-27 19:00:00,-0.65967643
2026-04-27 20:00:00,-0.4970415
2026-04-27 21:00:00,-0.26131478
2026-04-27 22:00:00,0.026117902
2026-04-27 23:00:00,0.28640506
2026-04-28 00:00:00,0.45469838
2026-04-28 01:00:00,0.51043767
2026-04-28 02:00:00,0.41756642
2026-04-28 03:00:00,0.24338186
2026-04-28 04:00:00,-0.0122018
2026-04-28 05:00:00,-0.24564192
2026-04-28 06:00:00,-0.43589115
2026-04-28 07:00:00,-0.53452486
2026-04-28 08:00:00,-0.44287506
2026-04-28 09:00:00,-0.23310575
2026-04-28 10:00:00,0.03380434
2026-04-28 11:00:00,0.23338497
2026-04-28 12:00:00,0.49541813
2026-04-28 13:00:00,0.5232245
2026-04-28 14:00:00,0.45766842
2026-04-28 15:00:00,0.23588176
2026-04-28 16:00:00,-0.10069811
2026-04-28 17:00:00,-0.3954444
2026-04-28 18:00:00,-0.6508385
2026-04-28 19:00:00,-0.742532
2026-04-28 20:00:00,-0.6787873
2026-04-28 21:00:00,-0.47148758
2026-04-28 22:00:00,-0.17844841
2026-04-28 23:00:00,0.14956851
2026-04-29 00:00:00,0.3955819
2026-04-29 01:00:00,0.54784065
2026-04-29 02:00:00,0.58006173
2026-04-29 03:00:00,0.42743146
2026-04-29 04:00:00,0.16703452
2026-04-29 05:00:00,-0.12579411
2026-04-29 06:00:00,-0.40756467
2026-04-29 07:00:00,-0.58819234
2026-04-29 08:00:00,-0.6073962
2026-04-29 09:00:00,-0.44833592
2026-04-29 10:00:00,-0.18984272
2026-04-29 11:00:00,0.12764804
2026-04-29 12:00:00,0.3628616
2026-04-29 13:00:00,0.5398593
2026-04-29 14:00:00,0.5302551
2026-04-29 15:00:00,0.36654434
2026-04-29 16:00:00,0.09745118
2026-04-29 17:00:00,-0.23707348
2026-04-29 18:00:00,-0.5326877
2026-04-29 19:00:00,-0.7349571
2026-04-29 20:00:00,-0.7771056
2026-04-29 21:00:00,-0.65285194
2026-04-29 22:00:00,-0.35910088
2026-04-29 23:00:00,-0.02128776
2026-04-30 00:00:00,0.31519288
2026-04-30 01:00:00,0.5823502
2026-04-30 02:00:00,0.69068134
2026-04-30 03:00:00,0.6102991
2026-04-30 04:00:00,0.37974533
2026-04-30 05:00:00,0.06903805
2026-04-30 06:00:00,-0.26632825
2026-04-30 07:00:00,-0.52252334
2026-04-30 08:00:00,-0.6212503
2026-04-30 09:00:00,-0.62439495
2026-04-30 10:00:00,-0.4028883
2026-04-30 11:00:00,-0.13353372
2026-04-30 12:00:00,0.20237793
2026-04-30 13:00:00,0.45149234
2026-04-30 14:00:00,0.5306426
2026-04-30 15:00:00,0.4347327
2026-04-30 16:00:00,0.22458522
2026-04-30 17:00:00,-0.099807434
2026-04-30 18:00:00,-0.46591237
2026-04-30 19:00:00,-0.74366456
2026-04-30 20:00:00,-0.8290648
2026-04-30 21:00:00,-0.8087215
2026-04-30 22:00:00,-0.53574413
2026-04-30 23:00:00,-0.20390965
2026-05-01 00:00:00,0.15142839
2026-05-01 01:00:00,0.4827739
2026-05-01 02:00:00,0.6593344
2026-05-01 03:00:00,0.69406205
2026-05-01 04:00:00,0.54474366
2026-05-01 05:00:00,0.2629144
2026-05-01 06:00:00,-0.07081738
2026-05-01 07:00:00,-0.3818084
2026-05-01 08:00:00,-0.6100928
2026-05-01 09:00:00,-0.6674258
2026-05-01 10:00:00,-0.5590606
2026-05-01 11:00:00,-0.27706394
2026-05-01 12:00:00,0.02720682
2026-05-01 13:00:00,0.29102135
2026-05-01 14:00:00,0.5182709
2026-05-01 15:00:00,0.46859396
2026-05-01 16:00:00,0.37139395
2026-05-01 17:00:00,0.048219856
2026-05-01 18:00:00,-0.27236316
2026-05-01 19:00:00,-0.5931074
2026-05-01 20:00:00,-0.7946997
2026-05-01 21:00:00,-0.81772757
2026-05-01 22:00:00,-0.6649661
2026-05-01 23:00:00,-0.36075926
2026-05-02 00:00:00,0.014158242
2026-05-02 01:00:00,0.36728007
2026-05-02 02:00:00,0.6506305
2026-05-02 03:00:00,0.74319166
2026-05-02 04:00:00,0.6825433
2026-05-02 05:00:00,0.45609185
2026-05-02 06:00:00,0.13676062
